test_id,tag
test00736,130911.37899059488
test00735,131267.8488410706
test00019,133866.26922295237
test00020,139676.25645013078
test00005,144476.12780580547
test00001,144976.74761939904
test00012,146783.53885009652
test00016,153732.44641537327
test00010,157582.04075122625
test00018,159194.36052366567
test00002,161148.71794871803
test00008,163150.72451802008
test01239,164003.81790264384
test00003,167505.33049040515
test00009,168607.87576261788
test00011,172772.58022208617
test01071,176670.3910614525
test01381,182603.47376201028
test00309,185979.7694660079
test01058,186620.7157020112
test00299,188471.44083150564
test00141,188768.4446779045
test01781,190910.84709745977
test00738,207561.0396429509
test00752,212686.968686108
test01382,213756.5565349049
test00154,243156.7939964321
test00153,243216.6369285673
test00739,256488.4505580069
test01885,259570.5561757176
test00265,260683.19704563465
test00093,262260.2694273012
test00266,266662.1694549383
test01899,268948.1562117293
test00877,273835.920177384
test00876,274539.770753734
test00945,277559.3315545572
test00142,277637.3086107599
test00200,280017.0007792022
test00944,283755.6528605272
test00678,284695.7148001443
test00091,293283.8589981446
test00310,294122.0238095237
test00064,296741.25244030665
test00105,299484.69233100966
test01013,300129.0714448411
test00053,301150.6515278518
test00194,301433.5824309897
test01014,301456.5698162134
test00743,301963.18081124447
test00038,303323.3555913734
test00985,307602.52120457555
test00382,312762.085608039
test00211,312836.34061411856
test00776,313700.58739482425
test00677,313879.6252183579
test00245,315583.5861408269
test00973,315684.39546398324
test00381,316012.4710208651
test00212,318533.44077357004
test00143,319537.62832430686
test01715,320158.7430144972
test00031,320363.1647211412
test01240,320831.3037830821
test01519,326289.7234832852
test01087,326910.35395302705
test00049,326935.8041032428
test01160,327966.80497925373
test00716,328649.817093448
test00030,328922.1806075737
test00440,329525.55657466827
test00593,329636.4242828548
test00339,329773.92174856056
test01484,331850.2350570859
test00840,333305.2205448259
test00808,333614.7222691206
test00619,334320.02706359926
test00914,334886.4791596069
test00972,335397.92974715773
test01483,336855.56028973166
test00262,337921.01213882724
test01210,340044.7427293066
test01538,340074.0039583519
test00911,340394.385602342
test00558,340834.6266597694
test00441,342016.4430982265
test01647,344641.1441527864
test01118,344969.0199842921
test00886,345575.3760055982
test00787,345726.5331117137
test01089,345753.52051080234
test01565,345877.82251006534
test01431,346025.9103641459
test01945,348163.1574310633
test01537,349394.3948368847
test01347,349421.02006541187
test00328,352160.3563474389
test00910,352663.03862967255
test01264,352699.68763944646
test01840,353451.35908440663
test01401,353799.3376890719
test01354,353862.6801539699
test01094,354433.7846319367
test01736,357478.7484174351
test00537,357705.1850511267
test01991,358035.8760645047
test00320,359167.7266945301
test01681,360280.7145461174
test00601,360346.399270738
test01180,363971.2654264139
test01319,364768.84746701136
test00416,365013.3924448137
test01690,366154.1311596884
test01344,366579.585743608
test01294,366595.5670963554
test00084,366740.90571640665
test00655,367994.78681809735
test01608,368622.33000652894
test01779,368646.8339084213
test01515,370339.14183998527
test01906,370616.91355709767
test01597,371323.87484731775
test01043,371907.0467588673
test00788,372303.3443240696
test00365,372608.1628805731
test01125,372889.3500613149
test00714,373947.5924699651
test00603,373947.5924699652
test01889,374089.1454528246
test01822,374159.9621391389
test00501,374810.3186646433
test00474,376022.8353948619
test01697,376153.7729565139
test00595,376691.4427291786
test01462,377266.6539415919
test01615,378544.0613026823
test00024,378906.9990412269
test00249,380352.16010776494
test00196,381085.5104598484
test00909,382375.7012961889
test00043,382649.10921766097
test01792,383079.7557902896
test01197,384174.2004471662
test01028,384533.0739299608
test00437,385598.59498487634
test01054,385658.5365853658
test00377,386488.071959327
test00885,386730.5998630001
test01108,386979.9314733231
test01999,387299.0983927872
test00775,387641.0004904364
test01271,387793.15081935
test01524,387929.3424926396
test00774,388976.3779527557
test00594,392240.5239134748
test01789,392630.11521652737
test00815,393155.59092717874
test00191,393646.683927504
test00499,394214.4638403988
test00764,396449.7041420117
test00620,396648.6052578766
test00958,396728.2215977517
test01438,402095.41247075575
test00680,403367.3469387753
test01189,403512.3545027567
test01436,405394.3185314325
test01879,407022.2405271827
test01159,407128.87606881687
test00560,407231.89450911706
test00156,412406.8437073578
test01776,413450.475891643
test01685,413840.0335008375
test01686,416105.2631578949
test01280,417097.6253298155
test01356,419149.6129784752
test00833,419478.85519009
test01775,420666.1700542728
test00844,425312.0964270338
test01877,425373.9373722155
test01985,425449.4563462156
test01984,425999.7844130648
test01602,427566.8073136429
test00843,427659.3442268153
test00653,428370.1777199828
test00418,429892.3093658216
test00308,433395.4610240105
test01566,435146.44351464434
test01121,435736.3315696648
test00477,437313.2676773266
test01273,437652.2702104104
test00359,437811.496289733
test01274,438283.2427636686
test00280,438945.3692324884
test01362,440200.4454342986
test01663,440481.4979937592
test01777,440592.95586268377
test01876,441084.57933497
test01200,442602.75506775663
test01891,442665.1735722288
test01518,446263.2648453375
test00535,446515.3055461424
test01120,447323.7524046624
test01679,449102.4767098389
test00290,449490.90493078594
test00979,452858.2884637414
test01878,453429.6857077309
test01600,453991.9586444575
test00712,457470.2002083093
test00842,463686.4953654817
test01439,463749.4134209288
test01974,463958.67574548017
test01045,465935.8793022161
test01131,468351.4125640719
test00360,477184.9348140994
test00168,478096.860550012
test00228,481672.18340076
test00167,483926.591944821
test01894,489046.5521533493
test01804,490573.1052565862
test00047,490931.67701863387
test00109,495646.68769716047
test00059,513396.94157626416
test01376,513930.6736429035
test00050,514809.96068151976
test00115,526118.4034288771
test00216,532024.3737305343
test00227,533179.5358936078
test00226,533686.4982341748
test01198,536737.742767893
test00061,537787.5136911276
test00760,542155.3746377806
test01469,551555.7415934143
test00060,552383.6309942338
test01211,558113.1003125885
test01541,565017.2612197923
test00456,569192.8705984635
test00778,572928.8214702442
test00777,576037.5421616065
test01544,578327.4440518252
test01051,579071.4812085476
test00710,580955.1973976039
test01917,584151.0556051142
test00588,585631.2416157393
test01392,587997.6055073326
test01065,588878.896882493
test00635,588967.1713386297
test00408,589435.7743097234
test00637,589674.3208764818
test01145,591538.6931647084
test00470,599511.5995115988
test01314,600030.5436774581
test01395,600212.5721226846
test00343,602237.8908644995
test00396,604121.8086742529
test00647,607546.0027833609
test01828,608769.7551905783
test00352,613331.251951295
test01629,613558.2630427978
test01705,613714.4642299272
test00514,614674.5932415511
test00341,616410.4173203631
test01300,617379.00691389
test00848,619753.865572735
test00694,621382.2552585788
test01460,621480.544131603
test01644,622800.0634215941
test01066,623057.4056454164
test01727,624047.0139771274
test00529,624443.7380801006
test01728,624840.9669211183
test01560,626475.2791068573
test00902,628438.8995521424
test01938,628580.5728916619
test00575,629546.5470277192
test00646,630961.9399389746
test01230,639218.8771358817
test00991,639902.2801302922
test00917,641050.7423723273
test00976,643044.1898526994
test01476,650496.6887417209
test00779,724455.9203246032
test00967,750522.1188532363
test01435,774642.3672349587
test01601,776424.361493123
test00559,811537.6719359462
test00435,834679.1330216732
test00939,847192.4560651508
test01474,873784.2617152936
test00185,894343.8914027138
test01559,895168.641750227
test00898,914411.288457088
test00039,919497.4406700784
test00800,927917.3514909592
test00132,941190.4761904756
test01554,942073.8974970188
test00869,942073.8974970191
test01186,947949.148476851
test00327,948416.5067178488
test01152,951154.9566891232
test01153,954128.4403669717
test01921,957364.34108527
test00870,957828.4052350936
test01076,961566.5288251034
test00076,969340.20112828
test01864,981136.7585008685
test01310,988497.1242810704
test00832,989979.95991984
test00017,994213.8364779874
test01666,999999.9999999997
test01009,1005852.417302799
test01503,1016979.6758425514
test01720,1018551.9196083486
test01375,1023977.0654156886
test00767,1028088.4265279584
test01075,1036173.0013106164
test00035,1038087.7331231944
test00241,1041633.7285902495
test00702,1044109.8784997351
test01815,1048541.1140583552
test01032,1049654.8061603808
test01636,1054147.7727393974
test01473,1060069.7237865387
test01233,1066091.1788508228
test01265,1070712.544026008
test00353,1075939.0310288514
test00643,1076818.3056387904
test00297,1087183.718371836
test01665,1093196.902654867
test01584,1094130.6755260243
test01504,1095013.8504155127
test00296,1097141.2711629202
test01583,1099610.4618809123
test01759,1115721.1402766018
test00466,1128498.0011422047
test01426,1136246.047714861
test00708,1137521.7139548352
test00584,1143146.3273568528
test01345,1155172.4137931033
test00465,1159624.4131455396
test01107,1170565.59076103
test01969,1184297.2729997004
test00411,1185718.571857184
test00525,1208129.5843520777
test01680,1211833.2311465368
test01229,1280312.9074315492
test00919,1281474.2335290238
test01919,1301855.5334658714
test01039,1308507.1168487235
test01221,1319973.2798931175
test00879,1330191.8545944118
test00351,1342788.790157211
test00279,1346008.9071599834
test01237,1370319.001386959
test00814,1391059.486096444
test00561,1407763.5327635305
test01881,1410274.705672493
test01585,1460998.1515711627
test01979,1474076.8370011162
test00943,1487768.15957847
test01002,1501329.2821876174
test01209,1502661.5969581767
test00530,1515720.858895705
test00295,1529206.9632495134
test00994,1543537.6805935183
test00983,1566164.817749602
test00426,1583967.9358717403
test01011,1597171.717171715
test01001,1614787.581699343
test00957,1618092.5092099863
test00176,1622213.047068535
test01884,1628759.7857437134
test00998,1631448.6174164235
test00950,1632122.2130470667
test00906,1634146.341463413
test00940,1639568.6437162985
test00715,1640248.9626555992
test00587,1646689.019279125
test00964,1647769.9041267182
test01672,1649144.7642886932
test00956,1650521.9206680565
test00182,1650521.9206680567
test01346,1662321.278385194
test01887,1665823.8516645578
test00865,1680272.108843536
test00486,1680272.1088435368
test00853,1681702.1276595732
test01261,1683134.5826235088
test00127,1686560.7556891337
test00896,1687446.6268146874
test01041,1690761.334473908
test00338,1690761.334473911
test00148,1703077.5899436465
test00720,1708260.8695652152
test00920,1710514.9286023346
test00041,1714535.1374945422
test01862,1718695.6521739124
test00884,1719756.3098346365
test00888,1719756.309834637
test00118,1722755.013077592
test01505,1727709.7902097895
test01941,1730297.7232924674
test00366,1730735.5516637485
test01031,1733771.9298245595
test01332,1734532.6897762162
test00942,1735294.1176470572
test00938,1736818.9806678374
test01447,1737582.4175824155
test01423,1737726.6696152114
test00165,1739876.76056338
test01097,1740035.4295836987
test00455,1740363.314133805
test01820,1741409.6916299544
test00913,1742945.3262786595
test01363,1748341.4418398915
test00954,1748341.4418398924
test01254,1751773.049645392
test00839,1752549.889135252
test01626,1754105.6369285376
test00665,1754549.4895694607
test00458,1754884.547069271
test00271,1755585.3440571912
test00170,1756108.3962683235
test00464,1756444.4444444445
test01208,1757225.433526009
test00303,1758728.737690238
test00883,1761925.9919750325
test00357,1763157.8947368418
test00137,1763157.894736842
test00688,1765520.3215721294
test01570,1766651.765757709
test01343,1768226.822682266
test00644,1768680.0894854572
test00968,1769471.7994628476
test00855,1769816.390506045
test00748,1771057.34767025
test01721,1771851.1878081565
test01156,1772197.309417039
test00432,1773363.431151238
test01063,1774236.9838420078
test00516,1775417.9846362383
test00067,1777777.7777777764
test01870,1779027.902790277
test01256,1781785.3922452657
test00023,1783832.8792007235
test00287,1783844.765342957
test01588,1790666.0625283164
test00679,1791119.1662890778
test00771,1791477.7878513115
test01849,1793557.1687840316
test01326,1797635.28876762
test01062,1799271.734182976
test00417,1799635.701275044
test01860,1800091.0746812376
test01944,1802097.583219332
test01916,1808099.401748732
test01612,1808471.45488029
test01490,1811640.6966086156
test00783,1812844.036697246
test01826,1813105.6760498388
test00551,1813942.7516158796
test00289,1813942.75161588
test01803,1815619.2236598867
test00015,1816836.2627197013
test00281,1818981.48148148
test00930,1819144.0404970064
test01086,1820819.898664208
test01794,1822498.8473951109
test00077,1824561.40350877
test01072,1825023.0840258512
test00112,1829629.6296296276
test00626,1834338.7470997667
test00206,1835123.773937411
test01299,1836839.64469378
test00334,1837749.883774988
test01496,1838558.7271876435
test01003,1838604.6511627887
test00524,1838604.6511627897
test00969,1839460.2140530536
test01995,1839851.024208564
test01907,1840316.573556795
test01725,1842006.563525549
test01967,1842424.2424242403
test01422,1846334.5864661627
test01027,1848924.2282506975
test01898,1848924.2282507005
test01863,1849789.4244267624
test00275,1849789.4244267656
test00419,1851053.864168616
test00999,1851522.2482435573
test01893,1857612.7819548848
test00163,1858486.130700515
test01074,1858486.130700516
test01852,1861203.2212221704
test00395,1861611.374407581
test01630,1862494.0730203877
test01427,1864622.6415094335
test01656,1865911.2370160508
test01936,1865911.237016052
test00782,1865911.237016052
test01805,1866508.3135391905
test01026,1867264.9976381704
test00577,1869172.216936248
test01929,1872098.531501656
test00462,1872985.7819905183
test01575,1872985.78199052
test00155,1874348.0322427684
test00321,1874522.9007633585
test00928,1875237.191650852
test01213,1878527.02056432
test00589,1879904.3062200944
test01191,1880325.514600285
test01757,1880589.914367266
test01181,1881009.043312712
test00368,1881485.007139456
test00586,1881704.9808429093
test01764,1881704.9808429093
test01808,1882380.9523809503
test01006,1882606.612362239
test00922,1884175.40514776
test01144,1884412.4700239785
test01139,1885073.9151168328
test01365,1886873.5083532212
test01486,1889579.3499043952
test00756,1889579.3499043963
test00961,1890760.3464870048
test00849,1892100.1926782248
test01811,1894106.3727839
test01548,1897263.562169948
test01204,1898174.8318924096
test00406,1898501.6916384704
test01384,1898655.1392891435
test00656,1898655.139289145
test01337,1901394.901394899
test01103,1904142.581888245
test01641,1904578.3132530148
test00578,1905978.784956605
test01284,1906898.2151471288
test01955,1908256.8807339452
test01127,1908739.739256397
test01404,1910584.8235862728
test00691,1910584.8235862728
test00701,1911508.7040618944
test00871,1911949.6855345909
test00300,1913359.1481122936
test01957,1914728.682170543
test00051,1915163.334958556
test00970,1915213.178294573
test00549,1915213.1782945776
test00615,1916141.5414444976
test01263,1916585.8389912683
test01309,1917070.805043646
test00803,1917968.7499999977
test01397,1918932.0388349504
test00177,1919394.2354665345
test00982,1920796.890184644
test01796,1920796.890184644
test01785,1921271.3936430293
test01408,1921271.3936430295
test01036,1923152.2271169836
test00966,1923600.9732360076
test00908,1924537.487828625
test00383,1925980.392156864
test00825,1929687.4999999984
test00027,1930630.1905227143
test01946,1930630.1905227157
test01699,1931118.7103077653
test00698,1931118.710307767
test00449,1934410.1811062156
test00987,1934899.657366617
test01628,1934975.369458128
test01621,1935357.4926542595
test01022,1935847.208619
test01024,1935847.2086190009
test00260,1936795.6883880445
test00048,1938205.0024521807
test01743,1938332.511100148
test00130,1939646.7124631985
test00881,1940108.001963671
test00073,1940108.001963671
test01896,1941205.533596839
test00273,1941552.0628683688
test01117,1941552.0628683688
test00333,1941552.0628683695
test01980,1941670.7859614408
test00028,1942969.518190757
test01971,1943925.23364486
test00933,1944417.1175602549
test00171,1944417.117560256
test01662,1944881.8897637797
test01835,1947290.640394087
test00078,1947757.5160177413
test01923,1947757.5160177425
test00960,1948908.730158729
test01599,1949679.3290577196
test00386,1950347.5670307835
test00949,1950844.091360476
test00219,1951135.2418558723
test01748,1951135.2418558728
test00145,1952098.7654320977
test01965,1952569.169960473
test01019,1952783.3001988048
test00747,1954726.368159204
test00666,1954995.0544015812
test01104,1955962.3948540315
test00101,1956435.6435643577
test00673,1956673.306772908
test01339,1957899.9504705304
test01798,1957899.950470535
test01580,1959102.244389026
test00032,1961058.4123814288
test01976,1961290.3225806449
test00083,1961290.322580646
test00864,1962264.1509434008
test01030,1963735.717834078
test01292,1965688.712083539
test00214,1965688.7120835397
test01927,1966169.154228856
test01978,1967147.8347436527
test01055,1967645.5948232943
test00632,1967645.5948232948
test01149,1968625.498007973
test01007,1969423.5588972413
test01528,1970411.233701102
test01530,1970411.2337011024
test01466,1971571.0723192007
test01526,1971571.072319201
test01410,1972554.8902195604
test01138,1972554.8902195608
test00431,1973040.439340988
test00103,1973040.439340988
test01459,1973380.210949269
test01184,1974025.9740259731
test01482,1974525.4745254763
test00033,1975855.130784707
test00830,1976000.0
test00887,1976988.494247124
test00918,1977352.793155516
test00570,1977488.7443721849
test01015,1977488.7443721856
test01850,1978478.4784784769
test01450,1979469.2038057088
test01903,1979469.2038057088
test00443,1979959.9198396795
test01773,1980460.921843687
test01122,1980460.921843688
test00704,1981453.6340852117
test00811,1981945.837512537
test00669,1982447.3420260784
test01454,1983442.047165078
test01543,1983838.3838383837
test01968,1983935.7429718869
test01165,1983935.7429718876
test00415,1983935.7429718885
test00732,1986349.848331649
test01175,1986848.760748608
test00100,1986848.76074861
test01250,1987927.565392356
test00621,1988360.323886639
test00495,1988860.7594936704
test00079,1988928.032209364
test00891,1989868.2877406268
test01948,1989929.5065458205
test01105,1990433.031218529
test00215,1992439.516129032
test00131,1992439.5161290327
test00630,1993444.2763489664
test01563,1993945.509586276
test01837,1994450.0504540869
test00851,1995959.595959596
test01082,1996443.0894308952
test01128,1996443.0894308956
test01635,1996968.1657402732
test01241,1996968.1657402732
test00763,1997473.4714502275
test00819,1997965.412004069
test00616,1998483.3164812936
test01589,1998988.3662114316
test00237,1999491.094147581
test00311,1999494.1831057165
test00899,1999494.183105717
test01586,2000000.0000000005
test00074,2001012.658227848
test01902,2002532.928064843
test00267,2002532.928064843
test01752,2002532.928064844
test01874,2002548.4199796151
test00427,2003041.0542321336
test00175,2003569.607343192
test01455,2004563.8945233268
test01958,2005073.566717403
test00926,2005580.9233891428
test00042,2006128.7027579169
test00240,2006598.984771574
test01790,2007618.08024378
test00905,2007664.7930505867
test00506,2009150.991357398
test01010,2009659.379766144
test00634,2009718.6700767253
test01035,2009718.6700767253
test00256,2009718.6700767283
test00405,2010172.9399796547
test00014,2010235.414534288
test01088,2010681.586978637
test01754,2010681.5869786371
test01509,2010747.185261004
test00827,2011195.9287531811
test01286,2011704.834605598
test01698,2011704.8346056028
test00622,2012807.377049181
test01853,2012807.3770491811
test01678,2013839.0568938996
test01983,2014358.9743589775
test00394,2015298.3171851092
test00121,2015298.3171851148
test01643,2015392.508978964
test00543,2015808.2610912784
test01488,2015808.2610912805
test00491,2016326.530612246
test00387,2016326.5306122464
test00932,2016836.734693878
test00952,2016836.734693878
test01856,2016836.734693878
test01935,2018386.1082737504
test00136,2019013.3607399797
test00107,2019537.2750642688
test01782,2020051.413881746
test01915,2020961.1451942725
test01920,2020961.145194274
test00057,2021483.3759590797
test01262,2021483.3759590809
test01050,2022130.725681935
test00981,2023029.682702151
test00657,2025102.459016395
test01067,2025257.7319587637
test00624,2025257.7319587637
test01806,2025257.7319587648
test00044,2025627.8831368536
test01624,2025627.8831368536
test01952,2025627.883136854
test00293,2026140.4407995904
test01018,2026302.217637958
test01179,2026666.6666666684
test01324,2027179.4871794868
test00172,2027179.487179488
test00878,2027706.5161621356
test01171,2027706.516162136
test01277,2027878.162106349
test00791,2027878.1621063508
test01533,2028219.599794767
test01810,2028219.5997947685
test01861,2029260.7802874744
test01077,2029260.780287476
test01308,2029260.78028748
test00188,2029442.1487603304
test00498,2029789.4196199288
test01377,2030303.030303031
test01905,2030303.0303030317
test01710,2030303.030303032
test00318,2030303.030303035
test01695,2030490.9560723524
test01998,2030832.4768756437
test00483,2032074.4956026915
test01257,2032074.4956026925
test01880,2032390.7455012868
test01567,2032921.810699589
test00444,2033126.29399586
test00980,2033436.2139917717
test00974,2033436.213991772
test00903,2033643.892339544
test00733,2033643.892339544
test01572,2033968.0905815756
test01731,2034482.758620691
test01514,2034482.7586206915
test01098,2034697.0481615744
test01444,2034697.048161576
test01219,2035015.4479917623
test00823,2035015.4479917623
test01033,2035530.381050465
test01478,2035751.2953367883
test01004,2035751.295336789
test00568,2036579.0829469345
test01753,2036579.082946936
test00689,2036579.082946936
test00600,2036806.635562468
test01813,2037628.8659793816
test01522,2038679.7318205268
test00872,2039460.0207684329
test00519,2039731.682146541
test01386,2039731.6821465425
test00344,2039731.682146545
test00927,2039731.682146545
test00288,2040784.7186370697
test01708,2041038.9610389608
test01298,2042099.7920997925
test01675,2042099.7920997927
test01525,2042894.0568475516
test00401,2043433.2988624603
test01964,2043433.2988624612
test00438,2043433.298862462
test00122,2044490.4293843785
test00533,2045007.7599586144
test01085,2045007.759958616
test01037,2045288.9120249865
test01269,2045548.654244307
test01556,2045548.654244308
test00169,2047125.841532885
test01090,2047125.841532885
test00246,2047420.531526839
test01218,2047668.3937823828
test01243,2047966.6319082384
test00150,2048186.5284974112
test01973,2048729.9118714384
test01562,2049034.9504434
test01848,2049248.315189218
test00036,2049792.531120333
test00641,2050311.203319504
test01762,2050311.203319504
test00857,2050856.253243385
test01371,2051375.1946030091
test01669,2051375.1946030157
test00350,2051697.1279373367
test00481,2052246.603970744
test00608,2052440.290758048
test01449,2052440.2907580489
test01150,2052440.2907580496
test00692,2053506.493506495
test01405,2053842.132775745
test01610,2054054.054054056
test01723,2054573.8045738032
test01821,2054573.8045738067
test01802,2054573.804573807
test00404,2056191.4672216463
test01232,2056191.4672216463
test01464,2056711.75858481
test01633,2057261.8427902127
test01170,2057261.8427902183
test00606,2057782.4049973995
test00781,2058333.3333333344
test00579,2058854.166666668
test00152,2058854.1666666688
test00305,2058854.166666671
test01162,2059779.758783429
test01025,2059927.045336113
test00564,2060304.1426324071
test00362,2060304.1426324088
test00445,2060860.4407135383
test01900,2061001.0427528685
test01845,2061001.0427528687
test01432,2061001.0427528692
test00213,2061001.0427528697
test01093,2061001.0427528697
test01446,2061001.0427528715
test01311,2061385.099685208
test01558,2061554.5122587397
test00397,2061942.257217848
test00675,2062467.1916010524
test00596,2063152.4008350747
test00895,2063707.5718015677
test01155,2063707.5718015688
test01008,2064229.7650130568
test01348,2064229.7650130568
test00223,2065308.254963428
test00040,2066280.9047869572
test01832,2066387.8724516488
test00602,2066387.8724516516
test00648,2066806.943713836
test01552,2066945.606694563
test00315,2067468.619246864
test00217,2067894.7368421056
test00541,2067894.7368421075
test01540,2068027.2108843592
test01937,2068457.0826750945
test01512,2068550.4971219252
test01520,2068550.497121927
test00356,2068550.4971219276
test00707,2068983.6756187489
test01199,2069109.94764398
test01939,2069546.8914647016
test01205,2070193.8187532765
test00116,2070637.849235637
test01883,2070717.653221584
test01285,2070717.6532215849
test00119,2071278.825995809
test01123,2071802.9350104823
test01487,2071802.935010484
test01016,2071802.935010484
test01124,2071802.9350104884
test00623,2072257.3839662464
test00826,2072364.9711588896
test01549,2072364.97115889
test00099,2072823.218997363
test00434,2072823.2189973649
test01046,2072889.3550078664
test01437,2072889.355007868
test00598,2073350.9234828495
test01956,2073452.25603358
test01652,2073452.2560335803
test00548,2075065.616797901
test00220,2075065.6167979012
test01281,2075065.6167979017
test01323,2075065.616797902
test01817,2075065.616797904
test00301,2075541.468568412
test00866,2075630.2521008423
test01716,2076155.462184876
test00755,2076155.462184877
test00255,2076638.4778012687
test01005,2076638.4778012696
test00493,2077207.8265468015
test01911,2077246.4529689988
test01080,2077736.6472765745
test00086,2077812.828601474
test01143,2078338.5909568896
test01836,2078338.5909568896
test01079,2078835.97883598
test00772,2078905.83903209
test01164,2079407.0937003728
test01573,2080000.0000000016
test00475,2080000.0000000023
test00875,2080508.4745762737
test01137,2080526.315789476
test00536,2080526.3157894765
test00393,2081095.3133228016
test00025,2081095.313322804
test00951,2081621.9062664576
test00718,2081621.906266458
test00583,2081621.9062664583
test00158,2082140.964493907
test00269,2082140.9644939075
test00984,2082718.6512118024
test00706,2082718.6512118035
test01301,2082718.651211804
test01839,2082718.651211804
test01148,2082718.6512118047
test00355,2082718.6512118056
test01247,2083289.4043226163
test00890,2083819.628647216
test01034,2084350.1326259947
test01424,2084350.132625996
test01044,2084915.611814348
test00276,2084915.611814348
test00555,2084915.6118143485
test00189,2084915.611814349
test01657,2084925.690021232
test01604,2085488.126649077
test01355,2086015.8311345675
test00055,2087691.494981512
test01922,2087691.494981512
test01642,2087691.4949815124
test01172,2087691.494981513
test01099,2088219.7569994729
test00304,2088219.7569994745
test00935,2088782.5624667755
test01859,2089323.4672304457
test00953,2089323.4672304464
test00238,2089893.6170212775
test00193,2090428.3447911188
test00007,2091005.2910052936
test00916,2091005.8541777555
test00354,2091534.3915343925
test00459,2092112.228692432
test00325,2092641.6093171008
test00195,2092641.6093171015
test01069,2092641.609317102
test00071,2092701.1188066087
test00373,2093233.88385722
test00607,2093750.0000000005
test00222,2093750.000000002
test00370,2093750.0000000023
test01142,2093750.0000000023
test01619,2094329.62374139
test01557,2094329.6237413904
test00428,2094329.6237413904
test00463,2094329.6237413916
test01693,2094349.680170577
test01627,2094933.333333336
test01545,2095440.0848356325
test01738,2095970.3075291635
test01687,2095970.307529164
test01682,2095970.307529164
test00378,2095970.3075291645
test00517,2095970.3075291647
test01951,2096551.7241379323
test01166,2096551.724137933
test00104,2097664.5435244176
test00726,2098195.32908705
test01704,2098195.3290870506
test01760,2098195.329087051
test00236,2098824.7863247884
test01761,2099309.6123207663
test00242,2099309.6123207663
test00660,2099946.5526456456
test00550,2099946.5526456456
test00098,2100534.7593582897
test01933,2101010.101010103
test00799,2101010.1010101032
test00484,2101010.101010104
test01297,2101069.51871658
test01222,2102127.6595744705
test00374,2102193.686463352
test01744,2102193.6864633523
test00149,2102659.5744680865
test00056,2103246.4076636527
test01272,2103246.407663653
test00547,2103778.6056413003
test01278,2103910.016068561
test00261,2104898.8285410013
test00880,2105487.480021313
test00734,2105573.4190782434
test01724,2106020.245071925
test01834,2106020.2450719257
test00790,2106166.219839144
test01712,2107142.85714286
test01416,2107142.85714286
test01875,2107832.6180257523
test00520,2108266.6666666684
test01674,2108266.666666673
test01201,2108858.0576307387
test01113,2108964.0365002705
test00651,2110517.885744796
test01425,2110517.8857447966
test00818,2110693.175711985
test00054,2111111.111111116
test00681,2111645.2991453013
test01676,2112365.591397851
test01795,2112773.917691076
test01116,2112773.917691076
test01391,2113501.882732654
test00128,2114499.7324772626
test01185,2114499.7324772626
test01095,2114639.3972012927
test01918,2114639.397201294
test00340,2115034.777956128
test00361,2115034.7779561286
test01774,2115034.7779561286
test00667,2115034.7779561323
test00809,2115631.691648824
test00485,2115631.6916488246
test01707,2115778.1367797544
test01535,2116167.0235546054
test00379,2116167.023554606
test01084,2116167.0235546064
test00447,2116379.310344829
test00037,2116764.8634172496
test01943,2116764.86341725
test00270,2116918.1034482783
test00834,2117520.2156334245
test00793,2117520.215633425
test01238,2117899.2497320483
test00430,2117899.2497320487
test00473,2117899.2497320515
test00259,2118435.1554126507
test00092,2119034.8525469187
test00773,2119034.852546919
test00389,2119034.852546919
test00166,2119201.725997843
test01865,2119571.045576409
test00798,2120171.6738197445
test00207,2120345.385860768
test01126,2120708.15450644
test01718,2120708.1545064407
test01622,2121309.715512616
test01719,2121846.4841653253
test01780,2121846.484165327
test01207,2122448.9795918395
test00963,2122636.4127498665
test00135,2122636.4127498674
test01700,2122986.036519872
test00369,2122986.036519873
test00614,2122986.036519873
test01057,2122986.0365198744
test01925,2123589.468027944
test01270,2123589.4680279493
test00674,2123783.783783785
test01778,2124126.8135411083
test01857,2124126.813541109
test01440,2124126.8135411134
test00482,2124391.5630070325
test00090,2124391.5630070325
test00069,2124391.563007033
test01529,2124932.3958896715
test01931,2125874.1258741277
test00795,2125874.1258741287
test01632,2125874.1258741315
test00574,2126082.251082253
test01846,2126412.0494889747
test00298,2126412.0494889747
test00856,2127018.299246502
test01383,2127556.512378904
test00088,2127843.986998919
test00810,2128163.704900378
test01516,2128702.2078621457
test00639,2128702.2078621467
test01961,2128997.2899729
test00841,2129310.344827588
test01235,2129310.344827589
test01206,2129310.3448275896
test00686,2129539.2953929547
test00539,2129539.295392956
test01867,2129849.1379310363
test00816,2130458.2210242595
test01651,2130458.221024261
test01021,2130694.14316703
test01049,2130694.14316703
test01457,2130694.1431670333
test00936,2131850.24416712
test01758,2132146.709816613
test00965,2132146.7098166146
test00604,2132146.7098166146
test00682,2132146.709816615
test00424,2132464.7122692745
test00488,2132757.6902320585
test00785,2132757.6902320585
test00102,2132757.690232059
test00157,2133007.600434311
test00540,2133007.6004343126
test00907,2133297.3556395057
test00358,2133297.3556395057
test00140,2133297.3556395057
test00504,2133623.030961436
test00476,2133909.287257021
test00453,2133909.287257022
test01872,2134166.214014123
test01873,2134166.214014124
test01854,2134166.214014124
test01465,2134449.244060476
test00244,2134449.244060477
test01259,2134782.6086956537
test01784,2135326.086956523
test00567,2135602.377093464
test00873,2135943.4475258305
test01555,2136216.216216218
test00784,2136216.2162162187
test00247,2136487.2213159343
test01787,2136756.756756759
test01101,2136756.756756759
test01688,2136756.7567567625
test00847,2137105.5495103407
test00992,2137649.6191512533
test01746,2137649.6191512533
test01178,2138268.916712034
test00436,2138528.13852814
test00075,2138528.1385281407
test00045,2138528.1385281407
test01696,2138813.28252586
test00272,2139069.2640692666
test00753,2139069.2640692666
test00796,2139685.977260426
test00399,2139685.977260426
test01825,2139978.213507626
test00590,2140227.395776937
test01807,2140227.3957769373
test00162,2140227.3957769377
test01289,2140227.395776939
test01146,2141144.4141689385
test01886,2141386.782231856
test01997,2142005.420054202
test00123,2142005.420054203
test00746,2142311.886586698
test01291,2142547.4254742563
test01092,2142547.4254742563
test01692,2142547.4254742567
test01317,2142547.4254742567
test01287,2142547.425474258
test00384,2143480.632842337
test00582,2143709.327548808
test00345,2143709.3275488084
test01908,2143709.3275488093
test00534,2144872.4905046136
test01038,2144872.4905046136
test01500,2144872.490504614
test01843,2144872.4905046145
test01689,2144872.490504615
test00780,2145275.8055707263
test00034,2145275.805570728
test01950,2145494.0282301866
test00478,2145494.0282301907
test00672,2145821.9552157302
test00147,2145821.955215731
test01869,2146036.916395223
test00670,2146036.9163952246
test00557,2146036.9163952246
test01801,2146036.916395225
test01258,2146448.087431696
test00413,2146659.4242259664
test01605,2146659.42422597
test00741,2147202.6072786544
test01260,2147621.6511755064
test00446,2147621.6511755064
test00021,2147621.651175508
test00094,2147826.086956524
test01389,2148168.398031713
test00923,2148369.565217392
test01412,2148369.5652173925
test01814,2148369.565217393
test00181,2148369.565217394
test00921,2148369.565217394
test00512,2148994.018488311
test01598,2148994.018488311
test01325,2149537.7922784137
test00531,2149537.7922784146
test01661,2150163.220892276
test01970,2150163.220892276
test01963,2150163.220892276
test00264,2150707.2905331906
test01735,2150707.2905331906
test00062,2151333.696243878
test01330,2151697.6998904725
test00538,2151697.699890473
test01550,2152505.446623096
test01167,2152505.446623096
test00631,2153050.108932465
test01279,2153678.474114443
test01617,2153678.474114443
test00937,2154057.017543861
test01888,2154223.4332425087
test01402,2154223.433242513
test00820,2154690.071311028
test00831,2154852.78080698
test00448,2154852.780806981
test00120,2154852.780806981
test00931,2155398.0370774283
test01411,2155398.037077429
test00348,2155398.0370774297
test01649,2156028.368794329
test01895,2156421.5148188854
test01912,2156573.9225313715
test01768,2156573.9225313715
test00063,2157205.240174674
test00868,2157205.240174675
test00523,2157751.0917030578
test01321,2157751.091703058
test01451,2157751.0917030587
test01316,2157751.0917030587
test01833,2157751.091703059
test00286,2157751.09170306
test00925,2157751.091703063
test01443,2158791.20879121
test00553,2158791.2087912103
test00234,2158929.5466957963
test00159,2158929.546695797
test01594,2159428.257284224
test00111,2159562.841530056
test00180,2160109.289617487
test00205,2160109.289617487
test00740,2160109.289617488
test00989,2160109.2896174886
test01982,2160616.0616061604
test00792,2160616.0616061613
test01897,2161166.1166116614
test00904,2161166.1166116614
test01506,2161290.3225806453
test00173,2161290.322580647
test00717,2161290.322580647
test01413,2161290.322580647
test01227,2161805.173362687
test01593,2161805.173362688
test00562,2162355.5310952133
test01135,2162472.6477024085
test00758,2162472.647702409
test01183,2163108.9217296126
test00508,2163108.9217296126
test01800,2163656.267104544
test01703,2163656.267104544
test00652,2163656.267104545
test01470,2163656.267104545
test01613,2164187.3278236925
test01154,2164293.537787516
test01827,2164738.292011021
test00151,2164841.1829134733
test01591,2165479.4520548005
test00597,2165931.642778391
test00144,2166027.397260277
test00860,2166574.738003311
test01577,2166574.738003311
test00786,2166666.666666668
test01607,2166666.666666669
test01463,2167214.912280705
test01542,2167770.419426051
test01190,2167855.183763029
test01188,2167855.183763033
test00645,2168322.295805741
test01671,2168403.7301151967
test00263,2168403.730115197
test00319,2168403.730115197
test00757,2168403.7301152004
test00480,2168967.421314192
test00423,2168967.4213141925
test00859,2168967.421314194
test01252,2169045.005488476
test01242,2169045.0054884776
test01327,2169519.6024296014
test01456,2169593.852908892
test01304,2169593.852908893
test00642,2169593.852908894
test01829,2169593.852908894
test01942,2170236.1339923134
test00794,2170236.133992315
test01791,2170785.282811644
test00545,2170785.282811644
test00658,2170785.282811644
test01322,2170785.2828116477
test00412,2171428.5714285737
test01236,2171428.5714285737
test00203,2171978.0219780235
test01398,2171978.0219780235
test01472,2171978.021978024
test01353,2171978.0219780244
test00337,2173172.0725673446
test01532,2173172.0725673465
test01767,2173172.0725673465
test01831,2173172.0725673465
test00711,2173172.072567347
test01163,2173768.677365801
test01249,2173817.3817381747
test01419,2174367.436743677
test00385,2174972.3145071995
test01226,2175013.758943314
test00282,2175564.116675841
test01078,2175564.1166758416
test01513,2175564.116675845
test00893,2176177.2853185595
test01578,2176177.2853185604
test00662,2176731.3019390586
test01855,2176762.1145374468
test00804,2177383.5920177405
test01620,2177410.468319561
test00854,2177410.4683195613
test01223,2177410.468319564
test00745,2177937.915742796
test01060,2177961.4325068896
test01741,2177961.4325068896
test00081,2178591.236827511
test01611,2178591.236827513
test00802,2178610.804851159
test01823,2179162.0727673653
test01368,2179162.072767367
test01812,2179162.072767367
test01246,2179800.221975583
test01224,2179812.465526752
test00509,2179812.465526752
test01539,2179812.4655267526
test00801,2179812.4655267536
test00313,2180355.160932299
test01114,2180355.1609323006
test00317,2180364.037506896
test01467,2180364.0375068965
test00235,2180364.037506897
test01993,2181015.452538633
test00487,2181015.4525386333
test00807,2181015.452538637
test00342,2181565.796779569
test00713,2181567.3289183243
test00912,2181567.3289183243
test01901,2181567.328918329
test00467,2182219.7680839333
test01502,2182771.9491993394
test01251,2183425.4143646425
test00414,2183425.414364647
test01614,2183435.2418010016
test01212,2183435.241801003
test00617,2183977.9005524884
test01618,2184632.393587621
test01315,2185185.1851851866
test01517,2185185.185185187
test01756,2185185.1851851875
test01730,2185185.1851851875
test01047,2185185.185185188
test00889,2185840.707964604
test01648,2185840.707964609
test00070,2185865.331107403
test01729,2186393.805309735
test00900,2186393.8053097366
test01151,2186393.8053097366
test01335,2186393.805309737
test00611,2186421.814134671
test01606,2187050.3597122324
test00897,2187603.7631433327
test00901,2187603.763143336
test00685,2187639.198218264
test00026,2188261.351052052
test00398,2188300.8356545987
test00566,2188815.0609080857
test01303,2188815.0609080857
test01702,2188815.0609080857
test01788,2188815.060908086
test01276,2189520.624303234
test01818,2190027.700831027
test00721,2190078.0379041266
test00096,2190687.36141907
test01547,2190687.3614190705
test01157,2190687.361419071
test01960,2190741.7735638614
test00225,2191241.685144126
test00190,2191241.685144128
test01766,2191299.4980479646
test00610,2191299.4980479665
test00302,2191299.4980479665
test01225,2191902.384914039
test00283,2192457.016084305
test01369,2192457.016084307
test00192,2192457.0160843097
test01551,2193118.756936741
test01988,2194336.479733483
test01158,2194336.479733484
test01367,2194891.7268184363
test00996,2194891.7268184363
test01288,2194891.7268184363
test00494,2195640.022358861
test00421,2195640.0223588618
test01749,2197331.851028351
test01904,2197331.851028351
test00372,2197427.293064879
test00990,2197427.2930648797
test00762,2197427.29306488
test01196,2197997.7753058984
test00066,2199220.9237618265
test00845,2199220.9237618283
test01959,2199328.1075028027
test01866,2199777.4067890947
test00522,2199777.406789095
test01306,2199777.406789095
test01639,2200445.4342984417
test01553,2200445.4342984427
test00106,2200445.434298443
test00457,2200560.2240896374
test00649,2201002.227171494
test01471,2201002.227171494
test01053,2201002.2271715
test00068,2201671.309192203
test00829,2201671.3091922044
test00080,2201793.721973096
test00164,2202228.4122562697
test00599,2202354.260089686
test00450,2202898.55072464
test00858,2202898.55072464
test01645,2203028.603477288
test01809,2203455.964325531
test01052,2203455.9643255323
test00323,2203589.45597308
test00490,2204127.161182378
test00332,2204826.0381593746
test01691,2205915.178571429
test01480,2205915.178571431
test01986,2206588.498045786
test00400,2206588.498045787
test01546,2206588.498045788
test00770,2206588.498045788
test01582,2206588.4980457905
test00082,2206741.573033709
test01147,2207303.3707865174
test00331,2207303.370786518
test01333,2208379.8882681583
test00209,2208379.8882681583
test00638,2208379.8882681583
test01388,2208379.888268159
test01331,2208379.888268159
test00929,2208379.8882681592
test01407,2208544.125913436
test01783,2208544.1259134365
test00882,2209055.3381777545
test01654,2209055.3381777555
test00955,2209614.30967021
test00292,2209614.3096702145
test00232,2210850.111856825
test01133,2210850.1118568256
test00728,2210850.111856826
test01623,2211527.70005596
test00628,2212087.2971460563
test01373,2212274.7747747744
test00257,2212274.774774777
test00199,2212274.774774777
test00108,2212957.746478875
test00407,2212957.746478876
test00997,2213325.867861144
test01000,2213325.867861144
test01370,2213325.8678611447
test00278,2214565.8263305333
test01350,2214565.826330539
test00719,2214768.883878243
test01475,2214768.883878244
test01990,2215246.6367713027
test00126,2215454.0327129182
test01739,2215807.1748878947
test00518,2215807.1748878947
test00613,2216018.04850536
test01390,2216018.0485053603
test01048,2216018.0485053607
test00146,2216018.0485053607
test00058,2216489.063376334
test01380,2217049.915872128
test01217,2217732.884399553
test01234,2217732.8843995538
test00117,2217955.957086394
test00749,2218294.051627387
test00724,2218294.051627388
test00233,2218294.051627388
test00208,2218520.609824959
test00977,2218520.60982496
test00330,2218520.60982496
test01966,2218978.102189783
test01660,2219209.0395480245
test00409,2219209.039548025
test01361,2219539.584503096
test00867,2220224.719101125
test01924,2220224.7191011254
test00750,2220786.516853939
test00198,2221028.829847373
test01673,2222034.8510399107
test00316,2222034.851039911
test01385,2222034.851039913
test00187,2222285.067873305
test00503,2222976.7968307897
test01714,2223284.589426324
test01312,2223542.727787211
test01485,2224535.7343837945
test00723,2224535.734383795
test01668,2224535.734383795
test01830,2224535.734383796
test01932,2225225.225225228
test00110,2225225.2252252284
test00863,2225225.225225229
test01972,2226478.873239439
test00052,2226757.369614515
test01452,2227042.253521128
test01017,2227042.25352113
test00789,2227733.934611052
test01378,2228297.6324689984
test00668,2228297.632468999
test01012,2228297.632469
test00676,2228297.632469
test01374,2228587.6347135585
test01313,2228587.634713559
test00186,2228587.6347135594
test01842,2229554.427523972
test00742,2229554.427523973
test01722,2229554.427523974
test00178,2229554.427523974
test01109,2229554.4275239767
test01458,2229852.440408627
test00528,2229852.4404086284
test00248,2229852.440408629
test00497,2230248.306997745
test01579,2230550.823395799
test01489,2230812.6410835227
test01428,2232072.275550538
test00625,2232072.2755505387
test01733,2232072.27555054
test00659,2232386.363636366
test01495,2233655.4860716336
test00367,2234595.816845677
test01755,2234595.816845679
test00513,2234926.052332198
test00894,2235294.1176470625
test01193,2235628.9129197504
test01479,2235859.728506789
test00605,2235859.728506789
test00751,2235859.7285067905
test01366,2235859.728506792
test00683,2236198.0648833257
test00507,2236559.1397849484
test01168,2236559.1397849508
test00250,2237125.070741372
test01141,2237125.070741372
test01340,2237125.070741373
test00542,2237125.070741376
test00097,2237825.59456399
test01882,2238391.845979617
test00727,2238391.8459796184
test01453,2238391.84597962
test01061,2239660.056657226
test01023,2239660.0566572263
test01913,2239660.0566572268
test01910,2239660.056657227
test01334,2239660.05665723
test00797,2240362.811791385
test01914,2240929.705215421
test00766,2240929.7052154224
test01357,2241300.627495724
test00363,2241300.627495724
test00993,2241300.627495724
test00390,2241633.5791264893
test01244,2242009.132420093
test01161,2242009.132420094
test00671,2242200.7941009663
test01786,2242200.794100967
test01909,2242200.794100967
test00252,2242200.794100967
test01603,2242905.7888762797
test00125,2243289.548829243
test00160,2243473.3257661765
test00554,2243473.325766178
test01296,2244747.30266894
test00253,2244747.3026689403
test01329,2245142.857142859
test01574,2245454.545454548
test01646,2245854.774156661
test00836,2245854.774156662
test00210,2246022.7272727303
test01283,2246022.7272727317
test01981,2247139.588100687
test00835,2247139.588100688
test01658,2247139.58810069
test00618,2247299.60204662
test01507,2247711.670480552
test00004,2248009.101251431
test00703,2248577.929465304
test01667,2248577.9294653046
test01420,2248577.9294653046
test00765,2248577.9294653046
test00139,2248577.929465306
test01134,2248577.929465309
test00759,2248998.2827704665
test00946,2248998.2827704665
test00526,2248998.282770467
test00087,2249288.5600455333
test01194,2249713.631156932
test00277,2249857.712009109
test00995,2249857.712009109
test01341,2250286.368843071
test01508,2250286.368843072
test01989,2250569.476082008
test00425,2250569.4760820083
test01228,2251002.865329516
test01214,2251002.8653295184
test01445,2251138.952164013
test00941,2251138.9521640134
test00022,2252293.577981654
test00471,2252293.5779816546
test01372,2252421.652421656
test00729,2252421.652421656
test00978,2252866.9724770677
test01307,2253705.815279363
test00133,2253705.815279364
test01429,2253705.8152793646
test00744,2254159.4951233533
test01954,2254420.992584144
test00813,2254420.992584144
test00433,2254879.4489093022
test01740,2254991.4432401625
test01102,2254991.4432401625
test01083,2254991.443240163
test01477,2255453.5017221607
test00439,2255707.7625570805
test00722,2256748.9948305595
test01713,2257567.1045117103
test00696,2258045.977011496
test00515,2258045.977011496
test00761,2258045.977011496
test00472,2258285.714285716
test00924,2258857.142857145
test01136,2258857.142857145
test00204,2258857.142857146
test01220,2259576.9010863383
test00821,2260069.0448791734
test00546,2261441.647597257
test01824,2261441.647597257
test01747,2261441.647597257
test00591,2261441.647597261
test01441,2261945.883707544
test00805,2262672.81105991
test00454,2262672.8110599117
test00664,2262736.1190612502
test00274,2262736.1190612544
test01949,2263459.335624285
test01664,2263459.3356242874
test01595,2263976.945244959
test00468,2263976.945244959
test01670,2264032.0733104246
test01110,2264032.073310426
test01056,2264032.073310426
test01841,2264032.0733104274
test01421,2264553.3141210387
test01531,2265329.512893985
test01328,2265859.284890428
test01677,2265859.284890428
test00089,2266589.728794001
test00258,2266628.4403669755
test00268,2267928.8582903063
test01029,2267928.858290308
test01616,2268656.716417916
test01352,2269230.7692307704
test00336,2269230.7692307704
test00184,2269230.769230772
test00572,2269230.769230772
test01770,2269230.7692307723
test00654,2269230.7692307727
test01248,2269959.793222289
test01934,2269959.793222292
test00988,2270534.1757610585
test01819,2270534.17576106
test00754,2270534.1757610603
test01091,2271839.080459772
test01536,2271839.0804597726
test01501,2271839.0804597726
test00581,2271839.080459773
test01772,2271839.0804597745
test00230,2273145.485911447
test01359,2273726.8518518554
test00496,2273878.0207134658
test01349,2274453.3947065608
test00179,2274453.3947065608
test01892,2274453.3947065617
test01771,2274453.3947065617
test01742,2274453.394706562
test01119,2274453.394706563
test01977,2275187.10420265
test01637,2275187.104202651
test00388,2275187.104202651
test01364,2275762.8094415683
test01534,2275762.809441569
test01592,2276497.695852536
test00573,2277073.732718896
test01793,2277073.732718897
test01511,2277073.7327189003
test00460,2277809.798270896
test00371,2278386.1671469747
test00592,2278386.167146976
test00580,2279700.115340255
test01132,2279700.1153402566
test00312,2280325.0145095782
test00532,2281015.57991922
test01290,2281015.5799192204
test01096,2281649.245063881
test01064,2281649.245063882
test01498,2282332.563510396
test00709,2282975.0145264408
test01926,2283073.3679953814
test01203,2283073.367995382
test01295,2283651.068746391
test00254,2283651.0687463926
test00243,2283651.068746393
test00492,2283720.93023256
test01358,2284302.3255813955
test00114,2284393.0635838183
test00552,2285631.1809191406
test01706,2285631.180919141
test00134,2285631.180919141
test00636,2286961.583236324
test00402,2287037.03703704
test01992,2287037.03703704
test00725,2287615.740740743
test00730,2287615.7407407435
test01442,2288293.535235878
test00695,2288293.535235879
test01571,2288361.3202084564
test00544,2288940.359004056
test00239,2288940.3590040565
test01176,2289044.2890442912
test01765,2289627.039627041
test01851,2289627.039627041
test01342,2289627.0396270454
test01975,2289687.13789108
test00065,2289687.1378910807
test00046,2291014.492753627
test01177,2291715.285880982
test00934,2292298.716452745
test00663,2292923.4338747133
test00502,2293053.1231757165
test01763,2293636.8943374217
test01112,2293636.894337425
test00420,2293673.824724324
test01737,2294254.207777134
test00699,2294254.2077771355
test01400,2294254.207777136
test01701,2294254.207777136
test00650,2294254.207777139
test01493,2294976.635514019
test00612,2294976.6355140195
test00391,2295005.807200932
test01360,2296317.9427235583
test01640,2296339.337594424
test00569,2296920.3951191204
test00947,2297660.8187134517
test01081,2299005.266237568
test01406,2299005.266237569
test00915,2299592.786503784
test00285,2299592.786503784
test01871,2299592.7865037844
test01596,2299765.8079625308
test00451,2300349.2433061725
test01928,2300349.2433061725
test01255,2300349.243306173
test00975,2300351.2880562083
test01510,2300351.2880562088
test01858,2300931.315483122
test01750,2300931.3154831226
test00197,2301698.886936147
test00224,2302271.403610952
test01709,2302271.403610952
test01996,2303030.3030303046
test01576,2303030.3030303074
test01129,2303048.065650646
test01379,2303613.053613057
test01930,2304373.177842569
test00442,2304373.177842569
test00452,2304373.177842572
test00633,2304956.268221577
test00138,2304956.268221578
test01590,2305717.6196032707
test00307,2306301.050175032
test00335,2306301.050175032
test01111,2306301.050175034
test01650,2307063.6310566287
test00006,2307063.6310566347
test00697,2307647.402218334
test01799,2308995.327102805
test01953,2309760.3740502656
test01499,2310344.8275862103
test01527,2311176.470588238
test01587,2312463.4289057944
test01266,2312463.428905796
test01282,2313048.566413111
test00556,2313048.566413111
test00874,2313309.776207304
test01523,2314402.8103044527
test00346,2314402.8103044527
test01631,2315172.8178090234
test00461,2315172.817809024
test01655,2315172.817809025
test00479,2315172.817809025
test00812,2315172.817809025
test00072,2315172.8178090253
test01394,2315758.6408904544
test01734,2315758.640890457
test01569,2316529.8944900376
test00948,2316627.3584905723
test00986,2317116.0609613163
test01890,2317116.060961317
test00469,2317404.129793513
test01659,2317404.1297935145
test01169,2317888.563049856
test01745,2317994.1002949886
test00609,2318475.0733137853
test01305,2318475.0733137885
test01497,2318475.073313789
test00489,2319248.826291086
test01130,2319362.4557260936
test01491,2319835.680751175
test01106,2319835.68075118
test01415,2319835.6807511807
test01302,2321197.886083386
test01073,2321197.886083388
test00314,2323477.232406861
test00962,2323477.2324068616
test00161,2323927.10170488
test00959,2323927.101704883
test01962,2324260.355029588
test00322,2324852.0710059195
test01414,2325294.1176470616
test00403,2326074.161271343
test01494,2326228.5375962164
test00376,2326662.742789879
test00737,2326662.7427898794
test00500,2328815.55686506
test00218,2330367.734282328
test00731,2330367.7342823297
test00251,2330778.301886795
test01732,2330778.301886796
test01492,2330778.301886796
test01320,2330778.3018867997
test01994,2331563.421828916
test00527,2331750.7418397656
test00576,2331750.7418397665
test01694,2331750.7418397674
test01838,2332153.392330386
test01338,2332153.392330387
test01481,2333530.106257382
test01868,2333530.106257382
test00202,2333530.1062573846
test00505,2333927.5103981034
test00124,2334317.779090375
test00837,2334317.779090376
test01399,2334908.446544599
test00510,2335697.399527193
test00291,2335909.6313912026
test00661,2335909.6313912044
test00231,2336288.4160756506
test01653,2337078.6516853967
test00705,2337670.017740984
test00585,2337670.0177409854
test01245,2339487.790351401
test01987,2339846.062759032
test01231,2339846.062759033
test01216,2339846.062759035
test00129,2340438.129070464
test01634,2341232.227488158
test00229,2341824.644549766
test00410,2342620.035566096
test00565,2342874.180083486
test01042,2343212.80379372
test01068,2343212.80379372
test01844,2343212.8037937214
test01192,2343675.4176611
test01568,2345400.593471815
test01267,2345400.5934718167
test00422,2346475.507765836
test00693,2347072.8793309466
test00294,2347387.173396677
test01318,2347387.173396678
test01434,2348781.937017234
test00429,2349583.828775272
test00029,2349583.828775272
test00349,2350178.3590963166
test01059,2350178.3590963185
test01115,2351286.654697787
test01847,2351576.4425936984
test00364,2352694.610778446
test00768,2352976.1904761926
test00687,2352976.190476194
test01797,2352976.1904761945
test00892,2353505.092869988
test00306,2354377.6057176897
test01609,2355184.743742553
test00113,2355184.743742553
test00324,2355780.6912991684
test01100,2355780.691299169
test01816,2355780.6912991693
test01268,2356589.147286824
test01202,2356589.1472868244
test01140,2357185.45020871
test00971,2358591.8854415305
test00013,2359159.159159162
test01940,2360576.923076928
test00822,2360812.425328557
test01040,2361409.79689367
test01396,2361409.796893672
test00806,2363417.569193745
test01070,2364234.44976077
test00769,2365050.8677438726
test00563,2365442.504515357
test00846,2366265.0602409667
test00511,2367884.9610545253
test01625,2367884.9610545267
test00571,2368484.1222288846
test01711,2368484.122228886
test00817,2369304.556354924
test00629,2371325.7348530325
test01448,2371325.734853033
test01564,2372148.8595438222
test00627,2372749.0996398577
test01461,2372749.0996398577
test01336,2372749.0996398623
test01638,2373573.5735735768
test01417,2374174.17417418
test01561,2374848.8512696545
test00201,2375600.9615384643
test01769,2379891.631547265
test00852,2380722.8915662714
test01195,2382157.9264617283
test00838,2383594.692400488
test01751,2384197.828709291
test01293,2384197.828709294
test01581,2385033.192516598
test01418,2387077.294685994
test01521,2387077.2946859943
test00824,2387915.4078549887
test01947,2387915.4078549906
test00380,2388519.6374622374
test01351,2388519.6374622416
test00700,2389963.7243047203
test01683,2392857.142857145
test01717,2394306.480920656
test01403,2394306.4809206584
test01409,2395757.5757575803
test00690,2398665.048543694
test00085,2399514.268366731
test01215,2400972.053462945
test00329,2401579.586877282
test01468,2401579.5868772846
test00326,2405964.698721854
test00684,2407475.490196084
test01387,2408897.014015847
test00375,2408897.0140158497
test01187,2412698.412698417
test00347,2416259.168704161
test01020,2416359.16359164
test01726,2419334.975369462
test01173,2423053.341508284
test00174,2425153.3742331336
test00392,2429010.4486785578
test00850,2430504.305043055
test00284,2434113.3004926145
test00862,2435213.887166772
test00095,2436498.150431569
test01393,2437114.6732429164
test01253,2441012.970969738
test01433,2441630.636195188
test01174,2444032.158317876
test00183,2444650.587507736
test01430,2446163.3663366395
test00640,2449194.547707564
test01182,2456183.965195776
test00861,2467336.6834170897
test01684,2481481.481481489
test00521,2489294.710327463
test00828,2501265.8227848164
test01275,2508301.404853132
test00221,2545396.007726988
